{
    "Tetrahedron": [
        [
            0.9428090415820634,
            0.0,
            -0.3333333333333333
        ],
        [
            -0.4714045207910317,
            0.816496580927726,
            -0.3333333333333333
        ],
        [
            -0.4714045207910317,
            -0.816496580927726,
            -0.3333333333333333
        ],
        [
            0.0,
            0.0,
            1.0
        ]
    ],
    "Octahedron": [
        [
            0.0,
            1.0,
            0.0
        ],
        [
            0.0,
            -1.0,
            0.0
        ],
        [
            1.0,
            0.0,
            0.0
        ],
        [
            -1.0,
            0.0,
            0.0
        ],
        [
            0.0,
            0.0,
            1.0
        ],
        [
            0.0,
            0.0,
            -1.0
        ]
    ],
    "Hexahedron": [
        [
            -1.0,
            -1.0,
            -1.0
        ],
        [
            -1.0,
            -1.0,
            1.0
        ],
        [
            -1.0,
            1.0,
            -1.0
        ],
        [
            -1.0,
            1.0,
            1.0
        ],
        [
            1.0,
            -1.0,
            -1.0
        ],
        [
            1.0,
            -1.0,
            1.0
        ],
        [
            1.0,
            1.0,
            -1.0
        ],
        [
            1.0,
            1.0,
            1.0
        ]
    ],
    "Square": [
        [
            -1.0,
            -1.0,
            -1.0
        ],
        [
            -1.0,
            1.0,
            -1.0
        ],
        [
            1.0,
            1.0,
            -1.0
        ],
        [
            1.0,
            -1.0,
            -1.0
        ]
    ],
    "Triangle": [
        [
            0.9428090415820634,
            0.0,
            -0.3333333333333333
        ],
        [
            -0.4714045207910317,
            0.816496580927726,
            -0.3333333333333333
        ],
        [
            -0.4714045207910317,
            -0.816496580927726,
            -0.3333333333333333
        ]
    ]
}